玄関,
玄関,
玄関,
玄関,
玄関,
玄関,
玄関,
玄関,
玄関,
玄関,
玄関,
玄関,
玄関,
玄関,
玄関,
リビング,
リビング,
リビング,
リビング,
リビング,
リビング,
リビング,
リビング,
リビング,
リビング,
リビング,
リビング,
リビング,
リビング,
リビング,
ダイニング,
ダイニング,
ダイニング,
ダイニング,
ダイニング,
ダイニング,
ダイニング,
ダイニング,
ダイニング,
ダイニング,
ダイニング,
ダイニング,
ダイニング,
ダイニング,
ダイニング,
キッチン,
キッチン,
キッチン,
キッチン,
キッチン,
キッチン,
キッチン,
キッチン,
キッチン,
キッチン,
キッチン,
キッチン,
キッチン,
キッチン,
キッチン,
風呂,
風呂,
風呂,
風呂,
風呂,
風呂,
風呂,
風呂,
風呂,
風呂,
風呂,
風呂,
風呂,
風呂,
風呂,
洗面所,
洗面所,
洗面所,
洗面所,
洗面所,
洗面所,
洗面所,
洗面所,
洗面所,
洗面所,
洗面所,
洗面所,
洗面所,
洗面所,
洗面所,
トイレ,
トイレ,
トイレ,
トイレ,
トイレ,
トイレ,
トイレ,
トイレ,
トイレ,
トイレ,
トイレ,
トイレ,
トイレ,
トイレ,
トイレ,
寝室,
寝室,
寝室,
寝室,
寝室,
寝室,
寝室,
寝室,
寝室,
寝室,
寝室,
寝室,
寝室,
寝室,
寝室,
寝室,
寝室,
寝室,
寝室,
寝室,
寝室,
寝室,
寝室,
寝室,
寝室,
寝室,
寝室,
寝室,
寝室,
寝室,
寝室,
寝室,
寝室,
寝室,
寝室,
寝室,
寝室,
寝室,
寝室,
寝室,
寝室,
寝室,
寝室,
寝室,
寝室,
